id,slug,path,scrapped
7236018,botanico-hojas-por-erin__kendal,/es/telas/7236018-botanico-hojas-por-erin__kendal,0
7502637,floral-oscuro-extra-grande-jumbo-floral-las-flores-rosa-jardin-follaje-helecho-flores-silvestres-por-nouveau_bohemian,/es/telas/7502637-floral-oscuro-extra-grande-jumbo-floral-las-flores-rosa-jardin-follaje-helecho-flores-silvestres-por-nouveau_bohemian,0
8619105,plumas-superposicion-superpuesto-acuarela-pintado-enrojecido-collage-vistoso-vibrante-tribal-bohemio-por-xoxotique,/es/telas/8619105-plumas-superposicion-superpuesto-acuarela-pintado-enrojecido-collage-vistoso-vibrante-tribal-bohemio-por-xoxotique,0
,,/es/telas/1306112-%C3%B3palo-opalescente-multicolor-brillar-arco-iris-fantas%C3%ADa-nubes-nacarado-pastel-pasteles-suave-dulce-be-por-peacoquettedesigns,0
6754186,amanecer-tropical-rosado-naranja-etnico-vistoso-marroqui-festivo-verano-bohemio-coral-puesta-de-sol-por-floraryfabrics,/es/telas/6754186-amanecer-tropical-rosado-naranja-etnico-vistoso-marroqui-festivo-verano-bohemio-coral-puesta-de-sol-por-floraryfabrics,0
8692520,abejas-polinizadores-limones-agrios-fruta-colmenar-azul-blanco-cocina-naturaleza-tradicional-por-fernlesliestudio,/es/telas/8692520-abejas-polinizadores-limones-agrios-fruta-colmenar-azul-blanco-cocina-naturaleza-tradicional-por-fernlesliestudio,0
9155687,espacio-noche-galaxia-estrellas-estrellado-cielo-nebulosa-acuarela-nubes-petsaugust2021-por-rebecca_reck_art,/es/telas/9155687-espacio-noche-galaxia-estrellas-estrellado-cielo-nebulosa-acuarela-nubes-petsaugust2021-por-rebecca_reck_art,0
9353509,de-moda-tribal-bohemio-por-littlearrowdecor,/es/telas/9353509-de-moda-tribal-bohemio-por-littlearrowdecor,0
7812388,dice-fantasia-azul-espada-ilustracion-magico-geek-por-neonborealis,/es/telas/7812388-dice-fantasia-azul-espada-ilustracion-magico-geek-por-neonborealis,0
7522587,animales-abejas-las-flores-panal-amarillo-colmenar-insectos-naturaleza-moderno-casa-de-campo-primaver-por-fernlesliestudio,/es/telas/7522587-animales-abejas-las-flores-panal-amarillo-colmenar-insectos-naturaleza-moderno-casa-de-campo-primaver-por-fernlesliestudio,0
,,/es/telas/2300879-costero-n%C3%A1utico-pulpo-vendimia-playa-mar-verano-por-willowlanetextiles,0
,,/es/telas/6700072-bohemio-mandala-geom%C3%A9trico-ornamento-labor-de-retazos-por-camcreative,0
,,/es/telas/6590171-pez-oceano-escamas-sirena-sirenas-acu%C3%A1tico-por-elladorine,0
11512549,gato-los-gatos-retro-vendimia-arcada-juegos-ovni-multicolor-astronave-mascotas-novedad-por-patricia_lima,/es/telas/11512549-gato-los-gatos-retro-vendimia-arcada-juegos-ovni-multicolor-astronave-mascotas-novedad-por-patricia_lima,0
,,/es/telas/8405290-f%C3%A1bula-floral-trullo-verde-las-flores-verano-por-nouveau_bohemian,0
11072332,geometrico-resumen-geometria-acuarela-cristales-multicolor-moda-novedad-los-ninos-artistico-rombo-dia-por-ninola-design,/es/telas/11072332-geometrico-resumen-geometria-acuarela-cristales-multicolor-moda-novedad-los-ninos-artistico-rombo-dia-por-ninola-design,0
8056679,feminista-igualdad-notorio-por-katerhees,/es/telas/8056679-feminista-igualdad-notorio-por-katerhees,0
7967284,arbol-mundo-maravilloso-otono-flores-silvestres-por-utart,/es/telas/7967284-arbol-mundo-maravilloso-otono-flores-silvestres-por-utart,0
8737001,chinoiserie-floral-lienzo-paraguas-mono-las-flores-ramas-leopardo-botanico-por-pattern_garden,/es/telas/8737001-chinoiserie-floral-lienzo-paraguas-mono-las-flores-ramas-leopardo-botanico-por-pattern_garden,0
11389245,folklore-conejo-uno-serpiente-por-garabateo,/es/telas/11389245-folklore-conejo-uno-serpiente-por-garabateo,0
8345787,blanco-solido-llanura-papel-pintado-sin-imprimir-por-erin__kendal,/es/telas/8345787-blanco-solido-llanura-papel-pintado-sin-imprimir-por-erin__kendal,0
9263608,arco-iris-sonrojo-rosado-por-parisbebe,/es/telas/9263608-arco-iris-sonrojo-rosado-por-parisbebe,0
8197261,estrellas-astrologico-guarderia-cielo-cosmos-turquesa-por-at_the_cottage,/es/telas/8197261-estrellas-astrologico-guarderia-cielo-cosmos-turquesa-por-at_the_cottage,0
4150617,moderno-mmm21-por-katerhees,/es/telas/4150617-moderno-mmm21-por-katerhees,0
6625245,passover-tablescape-por-wren_leyland,/es/telas/6625245-passover-tablescape-por-wren_leyland,0
11160216,moderno-texturas-escandinava-escandinavo-retro-amarillo-gris-por-ottomanbrim,/es/telas/11160216-moderno-texturas-escandinava-escandinavo-retro-amarillo-gris-por-ottomanbrim,0
,,/es/telas/8039248-guarder%C3%ADa-papel-pintado-bosque-zorro-conejito-ciervo-los-ni%C3%B1os-aventuras-por-at_the_cottage,0
7137786,floral-acuarela-coral-sonrojo-rosado-armada-mostaza-por-crystal_walen,/es/telas/7137786-floral-acuarela-coral-sonrojo-rosado-armada-mostaza-por-crystal_walen,0
10112497,lienzo-extraterrestre-secuestro-extraterrestres-ovni-espacio-gracioso-unico-extrano-extrano-raro-camp-por-somecallmebeth,/es/telas/10112497-lienzo-extraterrestre-secuestro-extraterrestres-ovni-espacio-gracioso-unico-extrano-extrano-raro-camp-por-somecallmebeth,0
9200337,azul-blanco-pastel-floral-abejas-naturaleza-casa-de-campo-vendimia-transicional-moderno-wallpaperad20-por-fernlesliestudio,/es/telas/9200337-azul-blanco-pastel-floral-abejas-naturaleza-casa-de-campo-vendimia-transicional-moderno-wallpaperad20-por-fernlesliestudio,0
2794616,jugar-borracho-juego-poker-por-mousehaus,/es/telas/2794616-jugar-borracho-juego-poker-por-mousehaus,0
,,/es/telas/703426-circo-elefante-vistoso-los-ni%C3%B1os-ni%C3%B1os-animales-caprichoso-por-endemic,0
,,/es/telas/6675487-arco-iris-las-flores-bot%C3%A1nico-bot%C3%A1nica-jardinero-invernadero-girasol-horticultura-plantas-rosa-hibisc-por-irishvikingdesigns,0
,,/es/telas/7858049-retro-floral-crema-geom%C3%A9trico-formas-resumen-at%C3%B3mico-colores-brillantes-por-patternanddesign,0
509390,color-mapa-por-spoonflower_help,/es/telas/509390-color-mapa-por-spoonflower_help,0
11339893,navegar-surf-playa-dom-verano-tabla-de-surf-mar-azul-turquesa-amarillo-deportes-muchachos-por-patricia_lima,/es/telas/11339893-navegar-surf-playa-dom-verano-tabla-de-surf-mar-azul-turquesa-amarillo-deportes-muchachos-por-patricia_lima,0
,,/es/telas/7662668-sirenas-mar-pez-sirena-submarino-animales-m%C3%BAsica-instrumentos-m%C3%A1gico-fantas%C3%ADa-fant%C3%A1stico-m%C3%ADtico-por-ceciliamok,0
,,/es/telas/6444170-luci%C3%A9rnaga-hora-de-verano-picnic-noche-brillante-por-thestorysmith,0
6075822,coral-hibisco-floral-las-flores-gris-guarderia-por-sweeterthanhoney,/es/telas/6075822-coral-hibisco-floral-las-flores-gris-guarderia-por-sweeterthanhoney,0
7368347,agrios-naranjas-las-flores-trullo-naranja-moda-por-crystal_walen,/es/telas/7368347-agrios-naranjas-las-flores-trullo-naranja-moda-por-crystal_walen,0
11484029,plantas-campo-naturaleza-botanico-acuarela-pictoricamente-artistico-vestir-floral-gran-escala-wallpap-por-ninola-design,/es/telas/11484029-plantas-campo-naturaleza-botanico-acuarela-pictoricamente-artistico-vestir-floral-gran-escala-wallpap-por-ninola-design,0
9565030,paisaje-resumen-azul-olas-burbujas-oceano-trullo-agua-por-daily_miracles,/es/telas/9565030-paisaje-resumen-azul-olas-burbujas-oceano-trullo-agua-por-daily_miracles,0
,,/es/telas/5969845-gnomo-gnomos-jard%C3%ADn-bosque-seta-hongos-rojo-desaf%C3%ADo-de-dise%C3%B1o-de-gnomos-por-shelbyallison,0
8091225,floral-oscuro-por-jenlats,/es/telas/8091225-floral-oscuro-por-jenlats,0
10433860,linograbado-rustico-artesano-bohemio-naturaleza-hongos-blanco-marfil-azul-monocromo-hongo-hongos-seta-por-circe_oropeza,/es/telas/10433860-linograbado-rustico-artesano-bohemio-naturaleza-hongos-blanco-marfil-azul-monocromo-hongo-hongos-seta-por-circe_oropeza,0
11390823,entintado-nellie-monstruo-grabado-criatura-fantasia-olas-agua-mar-azul-folklore-por-mint_tulips,/es/telas/11390823-entintado-nellie-monstruo-grabado-criatura-fantasia-olas-agua-mar-azul-folklore-por-mint_tulips,0
,,/es/telas/6327300-monta%C3%B1a-pintura-acuarela-bosque-bosque-geom%C3%A9trico-por-nouveau_bohemian,0
8834187,moderno-resumen-geometrico-vistoso-arco-iris-caleidoscopio-texturizado-por-ceciliamok,/es/telas/8834187-moderno-resumen-geometrico-vistoso-arco-iris-caleidoscopio-texturizado-por-ceciliamok,0
8532303,bohemio-tropical-follaje-resumen-hojas-de-banano-natural-pasteles-azul-gris-botanico-naturaleza-sfmar-por-dominique_vari,/es/telas/8532303-bohemio-tropical-follaje-resumen-hojas-de-banano-natural-pasteles-azul-gris-botanico-naturaleza-sfmar-por-dominique_vari,0
,,/es/telas/7790777-tortugas-mar-oceano-agua-azul-turquesa-p%C3%BArpura-bebe-submarino-escafandra-aut%C3%B3noma-por-gingerlique,0
,,/es/telas/5378956-oc%C3%A9anos-verano-por-lavish_season,0
6782514,floral-primavera-las-flores-vistoso-alegre-florales-prado-verdor-stretch-fabric-stretch0821-por-hipkiddesigns,/es/telas/6782514-floral-primavera-las-flores-vistoso-alegre-florales-prado-verdor-stretch-fabric-stretch0821-por-hipkiddesigns,0
9544489,margarita-margaritas-floral-florales-las-flores-primavera-vendimia-apagado-de-moda-por-charlottewinter,/es/telas/9544489-margarita-margaritas-floral-florales-las-flores-primavera-vendimia-apagado-de-moda-por-charlottewinter,0
11321959,verano-perro-dom-sol-puesta-de-sol-por-littlearrowdesign,/es/telas/11321959-verano-perro-dom-sol-puesta-de-sol-por-littlearrowdesign,0
8577014,agrios-naranjas-clementinas-hojas-las-flores-huerta-fruta-vendimia-por-crystal_walen,/es/telas/8577014-agrios-naranjas-clementinas-hojas-las-flores-huerta-fruta-vendimia-por-crystal_walen,0
5544045,napoleon-abeja-dorado-se-aplica-negro-antiguo-oro-por-peacoquettedesigns,/es/telas/5544045-napoleon-abeja-dorado-se-aplica-negro-antiguo-oro-por-peacoquettedesigns,0
6499779,pareo-totalizador-ciencia-acuarela-botanico-retro-rococo-por-mimipinto,/es/telas/6499779-pareo-totalizador-ciencia-acuarela-botanico-retro-rococo-por-mimipinto,0
10771343,gato-los-gatos-retro-vendimia-cincuenta-atomico-biblioteca-libros-leyendo-por-studioxtine,/es/telas/10771343-gato-los-gatos-retro-vendimia-cincuenta-atomico-biblioteca-libros-leyendo-por-studioxtine,0
,,/es/telas/5313150-japon%C3%A9s-jard%C3%ADn-negro-ranas-las-flores-chinoiserie-pez-lirios-bamb%C3%BA-acuarela-por-designed_by_debby,0
3730688,floral-damasco-pimpinela-murajes-las-flores-sabio-negro-por-peacoquettedesigns,/es/telas/3730688-floral-damasco-pimpinela-murajes-las-flores-sabio-negro-por-peacoquettedesigns,0
8574791,verdor-acuarela-botanico-eucalipto-verde-hojas-patron-de-la-acuarela-repeticion-pequena-por-daily_miracles,/es/telas/8574791-verdor-acuarela-botanico-eucalipto-verde-hojas-patron-de-la-acuarela-repeticion-pequena-por-daily_miracles,0
7661255,medusa-nadar-moderno-vistoso-brillante-animales-medusa-oceano-submarino-por-katerhees,/es/telas/7661255-medusa-nadar-moderno-vistoso-brillante-animales-medusa-oceano-submarino-por-katerhees,0
8589383,cisne-pajaro-grua-geometrico-plumas-migracion-elegante-animal-sfblogbackpack-por-katerhees,/es/telas/8589383-cisne-pajaro-grua-geometrico-plumas-migracion-elegante-animal-sfblogbackpack-por-katerhees,0
7936102,copas-uno-murcielagos-las-flores-vispera-de-todos-los-santos-fauna-silvestre-animales-floral-rosado-n-por-andrea_zuill,/es/telas/7936102-copas-uno-murcielagos-las-flores-vispera-de-todos-los-santos-fauna-silvestre-animales-floral-rosado-n-por-andrea_zuill,0
9709002,maximalista-pavo-real-asiatico-arbol-floral-las-flores-chino-oriental-animales-pajaro-exotico-tigre-o-por-sveta_aho,/es/telas/9709002-maximalista-pavo-real-asiatico-arbol-floral-las-flores-chino-oriental-animales-pajaro-exotico-tigre-o-por-sveta_aho,0
,,/es/telas/1864046-negro-s%C3%B3lido-sarah-walden-chantaje-por-peacoquettedesigns,0
4830872,floral-rosado-jardineria-las-flores-botanico-criaturas-acuarela-chinoiserie-chinoiserietheme-por-magentarosedesigns,/es/telas/4830872-floral-rosado-jardineria-las-flores-botanico-criaturas-acuarela-chinoiserie-chinoiserietheme-por-magentarosedesigns,0
8985918,diseno-de-flores-indy-girasol-otono-otono-arco-polainas-edredon-manta-guingan-floral-dorado-papel-pin-por-indybloomdesign,/es/telas/8985918-diseno-de-flores-indy-girasol-otono-otono-arco-polainas-edredon-manta-guingan-floral-dorado-papel-pin-por-indybloomdesign,0
5279418,floral-acuarela-azul-por-crystal_walen,/es/telas/5279418-floral-acuarela-azul-por-crystal_walen,0
10888687,fantasia-naturaleza-verde-mariposas-mariposa-jardin-hojas-insectos-botanico-botanica-por-garabateo,/es/telas/10888687-fantasia-naturaleza-verde-mariposas-mariposa-jardin-hojas-insectos-botanico-botanica-por-garabateo,0
7679631,arco-iris-arcoiris-acuarela-vistoso-trullo-rosado-guarderia-dispersado-azul-rubor-rosa-hippie-feliz-por-anniemontgomerydesign,/es/telas/7679631-arco-iris-arcoiris-acuarela-vistoso-trullo-rosado-guarderia-dispersado-azul-rubor-rosa-hippie-feliz-por-anniemontgomerydesign,0
10504027,acuarela-tinta-polilla-craneo-uno-luna-arana-flor-estrellas-magico-elegante-fantasmas-calabazas-octub-por-rebelform,/es/telas/10504027-acuarela-tinta-polilla-craneo-uno-luna-arana-flor-estrellas-magico-elegante-fantasmas-calabazas-octub-por-rebelform,0
5131007,erizo-los-ninos-bebe-escandinavo-primavera-puerco-espin-invierno-otono-oveja-cabra-sueno-por-littlesmilemakers,/es/telas/5131007-erizo-los-ninos-bebe-escandinavo-primavera-puerco-espin-invierno-otono-oveja-cabra-sueno-por-littlesmilemakers,0
6545640,al-sur-tartan-tartan-escoces-tan-marron-por-weavingmajor,/es/telas/6545640-al-sur-tartan-tartan-escoces-tan-marron-por-weavingmajor,0
7685381,acuarela-continuar-fantasia-azul-escarlata-volador-mistico-llamas-los-ninos-ninos-dragones-por-adenaj,/es/telas/7685381-acuarela-continuar-fantasia-azul-escarlata-volador-mistico-llamas-los-ninos-ninos-dragones-por-adenaj,0
6178734,floral-vendimia-rosa-flor-rosado-nina-las-flores-floral-oscuro-jardin-follaje-helecho-flores-silvestr-por-nouveau_bohemian,/es/telas/6178734-floral-vendimia-rosa-flor-rosado-nina-las-flores-floral-oscuro-jardin-follaje-helecho-flores-silvestr-por-nouveau_bohemian,0
5880084,geometrico-oro-indigo-triangulos-por-crystal_walen,/es/telas/5880084-geometrico-oro-indigo-triangulos-por-crystal_walen,0
9608189,caprichoso-por-bamokreativ,/es/telas/9608189-caprichoso-por-bamokreativ,0
9069096,gato-jardin-las-flores-verde-rojo-blanco-negro-los-gatos-felino-gatito-petsaugust2021-por-boszorka,/es/telas/9069096-gato-jardin-las-flores-verde-rojo-blanco-negro-los-gatos-felino-gatito-petsaugust2021-por-boszorka,0
7137898,floral-flor-pastel-armada-mostaza-handmade-fashion-show-handmade-fashionshow-2021-handmadefashionshow-por-crystal_walen,/es/telas/7137898-floral-flor-pastel-armada-mostaza-handmade-fashion-show-handmade-fashionshow-2021-handmadefashionshow-por-crystal_walen,0
7463028,eucalipto-boj-verdor-follaje-guarderia-acuarelas-acuarela-por-daily_miracles,/es/telas/7463028-eucalipto-boj-verdor-follaje-guarderia-acuarelas-acuarela-por-daily_miracles,0
7748646,esmeralda-comunidad-paraiso-bosque-naturaleza-vida-arbol-lozano-refrescante-botanico-verde-flora-utop-por-catalinakim,/es/telas/7748646-esmeralda-comunidad-paraiso-bosque-naturaleza-vida-arbol-lozano-refrescante-botanico-verde-flora-utop-por-catalinakim,0
7872207,rayos-de-sol-migracion-pajarera-pajaro-por-katerhees,/es/telas/7872207-rayos-de-sol-migracion-pajarera-pajaro-por-katerhees,0
5279404,acuarela-diamante-bricolaje-moda-naturaleza-por-crystal_walen,/es/telas/5279404-acuarela-diamante-bricolaje-moda-naturaleza-por-crystal_walen,0
